id;requestor_type;requestor_id;api_key;api_status;modified_date;created_date
1;Handcrafted;indigo New Hampshire Lempira;Rubber;Tokelau Strategist;2020-02-02T16:54:19;2020-02-02T21:01:58
2;Cambridgeshire;Borders attitude;wireless Money Market Account Group;Handmade Steel Chair Concrete;2020-02-02T18:06:19;2020-02-03T00:08:28
3;Central National Investment Account;redundant green;Chips;SCSI;2020-02-02T21:49:58;2020-02-02T19:19:54
4;parse;Pizza harness SQL;Club Books;Refined Puerto Rico;2020-02-02T21:08:55;2020-02-02T15:13:55
5;Sports Concrete fuchsia;transmitting Montana;Shirt Outdoors;bricks-and-clicks;2020-02-02T16:59:15;2020-02-02T19:46:55
6;Awesome Product Missouri;Rhode Island Cross-platform indexing;target optimize 24/365;Optimized Incredible Plastic Chips program;2020-02-02T22:57:16;2020-02-02T15:39:42
7;Credit Card Account;Borders;Analyst Metal;Avon North Carolina installation;2020-02-02T15:43:44;2020-02-03T02:36:12
8;vortals Credit Card Account invoice;Ergonomic Cotton Tuna Minnesota;bus;Checking Account Intelligent Plastic Pizza;2020-02-02T14:10:04;2020-02-02T15:05:27
9;Cambridgeshire Roads Tools;invoice Corporate;Mouse programming;leverage alarm moratorium;2020-02-02T15:20:07;2020-02-02T15:10:44
10;invoice;Configuration;reboot;Home;2020-02-02T15:26:44;2020-02-02T22:46:59
